seed,task_ms,duplicate_ratio,tasks,rep,arm,wall_seconds,executed,hits,misses,key_mismatches
1337,0.0500,0.2500,64,0,A,0.003346906,64,0,0,0
1337,0.0500,0.2500,64,0,B,0.003120731,48,0,0,0
1337,0.0500,0.2500,64,0,C,0.001094716,0,48,0,0
1337,0.0500,0.2500,64,1,A,0.003381260,64,0,0,0
1337,0.0500,0.2500,64,1,B,0.003067740,48,0,0,0
1337,0.0500,0.2500,64,1,C,0.001093093,0,48,0,0
1337,0.0500,0.2500,64,2,A,0.003394955,64,0,0,0
1337,0.0500,0.2500,64,2,B,0.002815948,48,0,0,0
1337,0.0500,0.2500,64,2,C,0.001101057,0,48,0,0
1337,0.0500,0.2500,64,3,A,0.003310927,64,0,0,0
1337,0.0500,0.2500,64,3,B,0.003127302,48,0,0,0
1337,0.0500,0.2500,64,3,C,0.001100316,0,48,0,0
1337,0.0500,0.2500,64,4,A,0.003364017,64,0,0,0
1337,0.0500,0.2500,64,4,B,0.003046491,48,0,0,0
1337,0.0500,0.2500,64,4,C,0.001083945,0,48,0,0
1337,0.0500,0.2500,64,5,A,0.003227751,64,0,0,0
1337,0.0500,0.2500,64,5,B,0.002993912,48,0,0,0
1337,0.0500,0.2500,64,5,C,0.001078926,0,48,0,0
1337,0.0500,0.2500,64,6,A,0.003342457,64,0,0,0
1337,0.0500,0.2500,64,6,B,0.002986398,48,0,0,0
1337,0.0500,0.2500,64,6,C,0.001095066,0,48,0,0
1337,0.0500,0.2500,64,7,A,0.003371361,64,0,0,0
1337,0.0500,0.2500,64,7,B,0.003007789,48,0,0,0
1337,0.0500,0.2500,64,7,C,0.001106368,0,48,0,0
1337,0.0500,0.2500,64,8,A,0.004347724,64,0,0,0
1337,0.0500,0.2500,64,8,B,0.003026393,48,0,0,0
1337,0.0500,0.2500,64,8,C,0.001083204,0,48,0,0
1337,0.0500,0.5000,64,0,A,0.003329632,64,0,0,0
1337,0.0500,0.5000,64,0,B,0.002762127,32,0,0,0
1337,0.0500,0.5000,64,0,C,0.001087532,0,32,0,0
1337,0.0500,0.5000,64,1,A,0.003360601,64,0,0,0
1337,0.0500,0.5000,64,1,B,0.002769802,32,0,0,0
1337,0.0500,0.5000,64,1,C,0.001086030,0,32,0,0
1337,0.0500,0.5000,64,2,A,0.003337808,64,0,0,0
1337,0.0500,0.5000,64,2,B,0.002535101,32,0,0,0
1337,0.0500,0.5000,64,2,C,0.001096760,0,32,0,0
1337,0.0500,0.5000,64,3,A,0.003372954,64,0,0,0
1337,0.0500,0.5000,64,3,B,0.002777837,32,0,0,0
1337,0.0500,0.5000,64,3,C,0.001085629,0,32,0,0
1337,0.0500,0.5000,64,4,A,0.003404473,64,0,0,0
1337,0.0500,0.5000,64,4,B,0.002821599,32,0,0,0
1337,0.0500,0.5000,64,4,C,0.001095667,0,32,0,0
1337,0.0500,0.5000,64,5,A,0.003420263,64,0,0,0
1337,0.0500,0.5000,64,5,B,0.002814055,32,0,0,0
1337,0.0500,0.5000,64,5,C,0.001078676,0,32,0,0
1337,0.0500,0.5000,64,6,A,0.003406026,64,0,0,0
1337,0.0500,0.5000,64,6,B,0.002762688,32,0,0,0
1337,0.0500,0.5000,64,6,C,0.001089586,0,32,0,0
1337,0.0500,0.5000,64,7,A,0.003400426,64,0,0,0
1337,0.0500,0.5000,64,7,B,0.002749573,32,0,0,0
1337,0.0500,0.5000,64,7,C,0.001091991,0,32,0,0
1337,0.0500,0.5000,64,8,A,0.003381470,64,0,0,0
1337,0.0500,0.5000,64,8,B,0.002521775,32,0,0,0
1337,0.0500,0.5000,64,8,C,0.001075429,0,32,0,0
1337,0.0500,0.7500,64,0,A,0.004340481,64,0,0,0
1337,0.0500,0.7500,64,0,B,0.002471491,16,0,0,0
1337,0.0500,0.7500,64,0,C,0.001087392,0,16,0,0
1337,0.0500,0.7500,64,1,A,0.003384837,64,0,0,0
1337,0.0500,0.7500,64,1,B,0.002523369,16,0,0,0
1337,0.0500,0.7500,64,1,C,0.001097451,0,16,0,0
1337,0.0500,0.7500,64,2,A,0.003392330,64,0,0,0
1337,0.0500,0.7500,64,2,B,0.002479146,16,0,0,0
1337,0.0500,0.7500,64,2,C,0.001098503,0,16,0,0
1337,0.0500,0.7500,64,3,A,0.003471479,64,0,0,0
1337,0.0500,0.7500,64,3,B,0.002497940,16,0,0,0
1337,0.0500,0.7500,64,3,C,0.001091269,0,16,0,0
1337,0.0500,0.7500,64,4,A,0.003091044,64,0,0,0
1337,0.0500,0.7500,64,4,B,0.002491278,16,0,0,0
1337,0.0500,0.7500,64,4,C,0.001098773,0,16,0,0
1337,0.0500,0.7500,64,5,A,0.003405075,64,0,0,0
1337,0.0500,0.7500,64,5,B,0.002475388,16,0,0,0
1337,0.0500,0.7500,64,5,C,0.001093573,0,16,0,0
1337,0.0500,0.7500,64,6,A,0.003770130,64,0,0,0
1337,0.0500,0.7500,64,6,B,0.002532516,16,0,0,0
1337,0.0500,0.7500,64,6,C,0.001094124,0,16,0,0
1337,0.0500,0.7500,64,7,A,0.003413049,64,0,0,0
1337,0.0500,0.7500,64,7,B,0.002490978,16,0,0,0
1337,0.0500,0.7500,64,7,C,0.001093864,0,16,0,0
1337,0.0500,0.7500,64,8,A,0.003350361,64,0,0,0
1337,0.0500,0.7500,64,8,B,0.002484395,16,0,0,0
1337,0.0500,0.7500,64,8,C,0.001086400,0,16,0,0
1337,0.1000,0.2500,64,0,A,0.004227078,64,0,0,0
1337,0.1000,0.2500,64,0,B,0.003693015,48,0,0,0
1337,0.1000,0.2500,64,0,C,0.001088364,0,48,0,0
1337,0.1000,0.2500,64,1,A,0.004240072,64,0,0,0
1337,0.1000,0.2500,64,1,B,0.003730125,48,0,0,0
1337,0.1000,0.2500,64,1,C,0.001086630,0,48,0,0
1337,0.1000,0.2500,64,2,A,0.004272042,64,0,0,0
1337,0.1000,0.2500,64,2,B,0.003714145,48,0,0,0
1337,0.1000,0.2500,64,2,C,0.001093013,0,48,0,0
1337,0.1000,0.2500,64,3,A,0.004231847,64,0,0,0
1337,0.1000,0.2500,64,3,B,0.003756654,48,0,0,0
1337,0.1000,0.2500,64,3,C,0.001083976,0,48,0,0
1337,0.1000,0.2500,64,4,A,0.004316707,64,0,0,0
1337,0.1000,0.2500,64,4,B,0.003789476,48,0,0,0
1337,0.1000,0.2500,64,4,C,0.001094335,0,48,0,0
1337,0.1000,0.2500,64,5,A,0.004213653,64,0,0,0
1337,0.1000,0.2500,64,5,B,0.003756283,48,0,0,0
1337,0.1000,0.2500,64,5,C,0.001089906,0,48,0,0
1337,0.1000,0.2500,64,6,A,0.004385515,64,0,0,0
1337,0.1000,0.2500,64,6,B,0.003652850,48,0,0,0
1337,0.1000,0.2500,64,6,C,0.001084317,0,48,0,0
1337,0.1000,0.2500,64,7,A,0.004305395,64,0,0,0
1337,0.1000,0.2500,64,7,B,0.003718322,48,0,0,0
1337,0.1000,0.2500,64,7,C,0.001083194,0,48,0,0
1337,0.1000,0.2500,64,8,A,0.004266562,64,0,0,0
1337,0.1000,0.2500,64,8,B,0.003718754,48,0,0,0
1337,0.1000,0.2500,64,8,C,0.001079678,0,48,0,0
1337,0.1000,0.5000,64,0,A,0.004280559,64,0,0,0
1337,0.1000,0.5000,64,0,B,0.003205259,32,0,0,0
1337,0.1000,0.5000,64,0,C,0.001089436,0,32,0,0
1337,0.1000,0.5000,64,1,A,0.004733058,64,0,0,0
1337,0.1000,0.5000,64,1,B,0.003216550,32,0,0,0
1337,0.1000,0.5000,64,1,C,0.001091580,0,32,0,0
1337,0.1000,0.5000,64,2,A,0.004214304,64,0,0,0
1337,0.1000,0.5000,64,2,B,0.003568071,32,0,0,0
1337,0.1000,0.5000,64,2,C,0.001093343,0,32,0,0
1337,0.1000,0.5000,64,3,A,0.004306507,64,0,0,0
1337,0.1000,0.5000,64,3,B,0.003200660,32,0,0,0
1337,0.1000,0.5000,64,3,C,0.001084587,0,32,0,0
1337,0.1000,0.5000,64,4,A,0.004209826,64,0,0,0
1337,0.1000,0.5000,64,4,B,0.003241467,32,0,0,0
1337,0.1000,0.5000,64,4,C,0.001092652,0,32,0,0
1337,0.1000,0.5000,64,5,A,0.004234161,64,0,0,0
1337,0.1000,0.5000,64,5,B,0.002955890,32,0,0,0
1337,0.1000,0.5000,64,5,C,0.001073325,0,32,0,0
1337,0.1000,0.5000,64,6,A,0.004197071,64,0,0,0
1337,0.1000,0.5000,64,6,B,0.003207753,32,0,0,0
1337,0.1000,0.5000,64,6,C,0.001079246,0,32,0,0
1337,0.1000,0.5000,64,7,A,0.005299872,64,0,0,0
1337,0.1000,0.5000,64,7,B,0.004283243,32,0,0,0
1337,0.1000,0.5000,64,7,C,0.001091390,0,32,0,0
1337,0.1000,0.5000,64,8,A,0.004236476,64,0,0,0
1337,0.1000,0.5000,64,8,B,0.003209277,32,0,0,0
1337,0.1000,0.5000,64,8,C,0.001093473,0,32,0,0
1337,0.1000,0.7500,64,0,A,0.004234331,64,0,0,0
1337,0.1000,0.7500,64,0,B,0.002699960,16,0,0,0
1337,0.1000,0.7500,64,0,C,0.001085749,0,16,0,0
1337,0.1000,0.7500,64,1,A,0.004217089,64,0,0,0
1337,0.1000,0.7500,64,1,B,0.002437868,16,0,0,0
1337,0.1000,0.7500,64,1,C,0.001084837,0,16,0,0
1337,0.1000,0.7500,64,2,A,0.004274657,64,0,0,0
1337,0.1000,0.7500,64,2,B,0.002701072,16,0,0,0
1337,0.1000,0.7500,64,2,C,0.001092351,0,16,0,0
1337,0.1000,0.7500,64,3,A,0.004211439,64,0,0,0
1337,0.1000,0.7500,64,3,B,0.002696794,16,0,0,0
1337,0.1000,0.7500,64,3,C,0.001080810,0,16,0,0
1337,0.1000,0.7500,64,4,A,0.004263446,64,0,0,0
1337,0.1000,0.7500,64,4,B,0.002700471,16,0,0,0
1337,0.1000,0.7500,64,4,C,0.001081310,0,16,0,0
1337,0.1000,0.7500,64,5,A,0.004278815,64,0,0,0
1337,0.1000,0.7500,64,5,B,0.002697044,16,0,0,0
1337,0.1000,0.7500,64,5,C,0.001090288,0,16,0,0
1337,0.1000,0.7500,64,6,A,0.004218692,64,0,0,0
1337,0.1000,0.7500,64,6,B,0.002679202,16,0,0,0
1337,0.1000,0.7500,64,6,C,0.001079688,0,16,0,0
1337,0.1000,0.7500,64,7,A,0.004283434,64,0,0,0
1337,0.1000,0.7500,64,7,B,0.002704709,16,0,0,0
1337,0.1000,0.7500,64,7,C,0.001087843,0,16,0,0
1337,0.1000,0.7500,64,8,A,0.004241885,64,0,0,0
1337,0.1000,0.7500,64,8,B,0.002724496,16,0,0,0
1337,0.1000,0.7500,64,8,C,0.001092010,0,16,0,0
1337,0.5000,0.2500,64,0,A,0.011122768,64,0,0,0
1337,0.5000,0.2500,64,0,B,0.008873974,48,0,0,0
1337,0.5000,0.2500,64,0,C,0.001088795,0,48,0,0
1337,0.5000,0.2500,64,1,A,0.011136863,64,0,0,0
1337,0.5000,0.2500,64,1,B,0.008900224,48,0,0,0
1337,0.5000,0.2500,64,1,C,0.001086471,0,48,0,0
1337,0.5000,0.2500,64,2,A,0.011183261,64,0,0,0
1337,0.5000,0.2500,64,2,B,0.008885566,48,0,0,0
1337,0.5000,0.2500,64,2,C,0.001091730,0,48,0,0
1337,0.5000,0.2500,64,3,A,0.011122256,64,0,0,0
1337,0.5000,0.2500,64,3,B,0.008896306,48,0,0,0
1337,0.5000,0.2500,64,3,C,0.001087442,0,48,0,0
1337,0.5000,0.2500,64,4,A,0.011185875,64,0,0,0
1337,0.5000,0.2500,64,4,B,0.008886958,48,0,0,0
1337,0.5000,0.2500,64,4,C,0.001094575,0,48,0,0
1337,0.5000,0.2500,64,5,A,0.011198249,64,0,0,0
1337,0.5000,0.2500,64,5,B,0.008914120,48,0,0,0
1337,0.5000,0.2500,64,5,C,0.001065301,0,48,0,0
1337,0.5000,0.2500,64,6,A,0.011442707,64,0,0,0
1337,0.5000,0.2500,64,6,B,0.008958753,48,0,0,0
1337,0.5000,0.2500,64,6,C,0.001083715,0,48,0,0
1337,0.5000,0.2500,64,7,A,0.011118729,64,0,0,0
1337,0.5000,0.2500,64,7,B,0.008878463,48,0,0,0
1337,0.5000,0.2500,64,7,C,0.001100967,0,48,0,0
1337,0.5000,0.2500,64,8,A,0.011129840,64,0,0,0
1337,0.5000,0.2500,64,8,B,0.008921754,48,0,0,0
1337,0.5000,0.2500,64,8,C,0.001091129,0,48,0,0
1337,0.5000,0.5000,64,0,A,0.011224839,64,0,0,0
1337,0.5000,0.5000,64,0,B,0.006700052,32,0,0,0
1337,0.5000,0.5000,64,0,C,0.001094084,0,32,0,0
1337,0.5000,0.5000,64,1,A,0.011187849,64,0,0,0
1337,0.5000,0.5000,64,1,B,0.007172148,32,0,0,0
1337,0.5000,0.5000,64,1,C,0.001083355,0,32,0,0
1337,0.5000,0.5000,64,2,A,0.011144408,64,0,0,0
1337,0.5000,0.5000,64,2,B,0.006633356,32,0,0,0
1337,0.5000,0.5000,64,2,C,0.001083785,0,32,0,0
1337,0.5000,0.5000,64,3,A,0.010194534,64,0,0,0
1337,0.5000,0.5000,64,3,B,0.006102850,32,0,0,0
1337,0.5000,0.5000,64,3,C,0.001087812,0,32,0,0
1337,0.5000,0.5000,64,4,A,0.010055042,64,0,0,0
1337,0.5000,0.5000,64,4,B,0.006121235,32,0,0,0
1337,0.5000,0.5000,64,4,C,0.001081421,0,32,0,0
1337,0.5000,0.5000,64,5,A,0.010633518,64,0,0,0
1337,0.5000,0.5000,64,5,B,0.006182060,32,0,0,0
1337,0.5000,0.5000,64,5,C,0.001066763,0,32,0,0
1337,0.5000,0.5000,64,6,A,0.010110856,64,0,0,0
1337,0.5000,0.5000,64,6,B,0.006185555,32,0,0,0
1337,0.5000,0.5000,64,6,C,0.001090347,0,32,0,0
1337,0.5000,0.5000,64,7,A,0.010631424,64,0,0,0
1337,0.5000,0.5000,64,7,B,0.006128399,32,0,0,0
1337,0.5000,0.5000,64,7,C,0.001084397,0,32,0,0
1337,0.5000,0.5000,64,8,A,0.010025977,64,0,0,0
1337,0.5000,0.5000,64,8,B,0.006131905,32,0,0,0
1337,0.5000,0.5000,64,8,C,0.001088234,0,32,0,0
1337,0.5000,0.7500,64,0,A,0.010066313,64,0,0,0
1337,0.5000,0.7500,64,0,B,0.004154451,16,0,0,0
1337,0.5000,0.7500,64,0,C,0.001090818,0,16,0,0
1337,0.5000,0.7500,64,1,A,0.010034223,64,0,0,0
1337,0.5000,0.7500,64,1,B,0.004167606,16,0,0,0
1337,0.5000,0.7500,64,1,C,0.001091489,0,16,0,0
1337,0.5000,0.7500,64,2,A,0.010073517,64,0,0,0
1337,0.5000,0.7500,64,2,B,0.004147348,16,0,0,0
1337,0.5000,0.7500,64,2,C,0.001082192,0,16,0,0
1337,0.5000,0.7500,64,3,A,0.010134020,64,0,0,0
1337,0.5000,0.7500,64,3,B,0.004181452,16,0,0,0
1337,0.5000,0.7500,64,3,C,0.001063888,0,16,0,0
1337,0.5000,0.7500,64,4,A,0.010085389,64,0,0,0
1337,0.5000,0.7500,64,4,B,0.004128032,16,0,0,0
1337,0.5000,0.7500,64,4,C,0.001086731,0,16,0,0
1337,0.5000,0.7500,64,5,A,0.010138309,64,0,0,0
1337,0.5000,0.7500,64,5,B,0.004148901,16,0,0,0
1337,0.5000,0.7500,64,5,C,0.001107660,0,16,0,0
1337,0.5000,0.7500,64,6,A,0.009752705,64,0,0,0
1337,0.5000,0.7500,64,6,B,0.004140816,16,0,0,0
1337,0.5000,0.7500,64,6,C,0.001087743,0,16,0,0
1337,0.5000,0.7500,64,7,A,0.010234269,64,0,0,0
1337,0.5000,0.7500,64,7,B,0.004194016,16,0,0,0
1337,0.5000,0.7500,64,7,C,0.001097441,0,16,0,0
1337,0.5000,0.7500,64,8,A,0.010568958,64,0,0,0
1337,0.5000,0.7500,64,8,B,0.005217577,16,0,0,0
1337,0.5000,0.7500,64,8,C,0.001096038,0,16,0,0
1337,1.0000,0.2500,64,0,A,0.017760682,64,0,0,0
1337,1.0000,0.2500,64,0,B,0.014814841,48,0,0,0
1337,1.0000,0.2500,64,0,C,0.001093273,0,48,0,0
1337,1.0000,0.2500,64,1,A,0.017935921,64,0,0,0
1337,1.0000,0.2500,64,1,B,0.013874755,48,0,0,0
1337,1.0000,0.2500,64,1,C,0.001081882,0,48,0,0
1337,1.0000,0.2500,64,2,A,0.018012455,64,0,0,0
1337,1.0000,0.2500,64,2,B,0.014736703,48,0,0,0
1337,1.0000,0.2500,64,2,C,0.001090398,0,48,0,0
1337,1.0000,0.2500,64,3,A,0.017729874,64,0,0,0
1337,1.0000,0.2500,64,3,B,0.014194996,48,0,0,0
1337,1.0000,0.2500,64,3,C,0.001090077,0,48,0,0
1337,1.0000,0.2500,64,4,A,0.018361480,64,0,0,0
1337,1.0000,0.2500,64,4,B,0.013831213,48,0,0,0
1337,1.0000,0.2500,64,4,C,0.001089176,0,48,0,0
1337,1.0000,0.2500,64,5,A,0.017985083,64,0,0,0
1337,1.0000,0.2500,64,5,B,0.014643358,48,0,0,0
1337,1.0000,0.2500,64,5,C,0.001090017,0,48,0,0
1337,1.0000,0.2500,64,6,A,0.017731668,64,0,0,0
1337,1.0000,0.2500,64,6,B,0.013883782,48,0,0,0
1337,1.0000,0.2500,64,6,C,0.001107860,0,48,0,0
1337,1.0000,0.2500,64,7,A,0.017996024,64,0,0,0
1337,1.0000,0.2500,64,7,B,0.014791607,48,0,0,0
1337,1.0000,0.2500,64,7,C,0.001115885,0,48,0,0
1337,1.0000,0.2500,64,8,A,0.017952512,64,0,0,0
1337,1.0000,0.2500,64,8,B,0.014587023,48,0,0,0
1337,1.0000,0.2500,64,8,C,0.001104494,0,48,0,0
1337,1.0000,0.5000,64,0,A,0.017854568,64,0,0,0
1337,1.0000,0.5000,64,0,B,0.010515647,32,0,0,0
1337,1.0000,0.5000,64,0,C,0.001089406,0,32,0,0
1337,1.0000,0.5000,64,1,A,0.017812780,64,0,0,0
1337,1.0000,0.5000,64,1,B,0.010539953,32,0,0,0
1337,1.0000,0.5000,64,1,C,0.001088464,0,32,0,0
1337,1.0000,0.5000,64,2,A,0.017758618,64,0,0,0
1337,1.0000,0.5000,64,2,B,0.010515306,32,0,0,0
1337,1.0000,0.5000,64,2,C,0.001085077,0,32,0,0
1337,1.0000,0.5000,64,3,A,0.017876790,64,0,0,0
1337,1.0000,0.5000,64,3,B,0.010506109,32,0,0,0
1337,1.0000,0.5000,64,3,C,0.001088514,0,32,0,0
1337,1.0000,0.5000,64,4,A,0.017866672,64,0,0,0
1337,1.0000,0.5000,64,4,B,0.010509465,32,0,0,0
1337,1.0000,0.5000,64,4,C,0.001087332,0,32,0,0
1337,1.0000,0.5000,64,5,A,0.017810716,64,0,0,0
1337,1.0000,0.5000,64,5,B,0.010540914,32,0,0,0
1337,1.0000,0.5000,64,5,C,0.001087261,0,32,0,0
1337,1.0000,0.5000,64,6,A,0.017804535,64,0,0,0
1337,1.0000,0.5000,64,6,B,0.010511950,32,0,0,0
1337,1.0000,0.5000,64,6,C,0.001086159,0,32,0,0
1337,1.0000,0.5000,64,7,A,0.017817449,64,0,0,0
1337,1.0000,0.5000,64,7,B,0.010511860,32,0,0,0
1337,1.0000,0.5000,64,7,C,0.001087101,0,32,0,0
1337,1.0000,0.5000,64,8,A,0.017947113,64,0,0,0
1337,1.0000,0.5000,64,8,B,0.010551694,32,0,0,0
1337,1.0000,0.5000,64,8,C,0.001083825,0,32,0,0
1337,1.0000,0.7500,64,0,A,0.017840172,64,0,0,0
1337,1.0000,0.7500,64,0,B,0.006060611,16,0,0,0
1337,1.0000,0.7500,64,0,C,0.001090939,0,16,0,0
1337,1.0000,0.7500,64,1,A,0.017956359,64,0,0,0
1337,1.0000,0.7500,64,1,B,0.006068486,16,0,0,0
1337,1.0000,0.7500,64,1,C,0.001102671,0,16,0,0
1337,1.0000,0.7500,64,2,A,0.017840953,64,0,0,0
1337,1.0000,0.7500,64,2,B,0.005810602,16,0,0,0
1337,1.0000,0.7500,64,2,C,0.001082513,0,16,0,0
1337,1.0000,0.7500,64,3,A,0.017833098,64,0,0,0
1337,1.0000,0.7500,64,3,B,0.007268088,16,0,0,0
1337,1.0000,0.7500,64,3,C,0.001087994,0,16,0,0
1337,1.0000,0.7500,64,4,A,0.017912618,64,0,0,0
1337,1.0000,0.7500,64,4,B,0.006041295,16,0,0,0
1337,1.0000,0.7500,64,4,C,0.001086731,0,16,0,0
1337,1.0000,0.7500,64,5,A,0.017806608,64,0,0,0
1337,1.0000,0.7500,64,5,B,0.006032659,16,0,0,0
1337,1.0000,0.7500,64,5,C,0.001092301,0,16,0,0
1337,1.0000,0.7500,64,6,A,0.017849429,64,0,0,0
1337,1.0000,0.7500,64,6,B,0.006045392,16,0,0,0
1337,1.0000,0.7500,64,6,C,0.001089516,0,16,0,0
1337,1.0000,0.7500,64,7,A,0.017832447,64,0,0,0
1337,1.0000,0.7500,64,7,B,0.006027930,16,0,0,0
1337,1.0000,0.7500,64,7,C,0.001056234,0,16,0,0
1337,1.0000,0.7500,64,8,A,0.017804605,64,0,0,0
1337,1.0000,0.7500,64,8,B,0.006054871,16,0,0,0
1337,1.0000,0.7500,64,8,C,0.001089125,0,16,0,0
1337,5.0000,0.2500,64,0,A,0.077880058,64,0,0,0
1337,5.0000,0.2500,64,0,B,0.057866646,48,0,0,0
1337,5.0000,0.2500,64,0,C,0.001134381,0,48,0,0
1337,5.0000,0.2500,64,1,A,0.078997958,64,0,0,0
1337,5.0000,0.2500,64,1,B,0.060597374,48,0,0,0
1337,5.0000,0.2500,64,1,C,0.001091249,0,48,0,0
1337,5.0000,0.2500,64,2,A,0.077832348,64,0,0,0
1337,5.0000,0.2500,64,2,B,0.057270306,48,0,0,0
1337,5.0000,0.2500,64,2,C,0.001098012,0,48,0,0
1337,5.0000,0.2500,64,3,A,0.076654347,64,0,0,0
1337,5.0000,0.2500,64,3,B,0.056098556,48,0,0,0
1337,5.0000,0.2500,64,3,C,0.001088834,0,48,0,0
1337,5.0000,0.2500,64,4,A,0.074185150,64,0,0,0
1337,5.0000,0.2500,64,4,B,0.060614827,48,0,0,0
1337,5.0000,0.2500,64,4,C,0.001086320,0,48,0,0
1337,5.0000,0.2500,64,5,A,0.078576396,64,0,0,0
1337,5.0000,0.2500,64,5,B,0.059630228,48,0,0,0
1337,5.0000,0.2500,64,5,C,0.001092562,0,48,0,0
1337,5.0000,0.2500,64,6,A,0.078814322,64,0,0,0
1337,5.0000,0.2500,64,6,B,0.059665373,48,0,0,0
1337,5.0000,0.2500,64,6,C,0.001088524,0,48,0,0
1337,5.0000,0.2500,64,7,A,0.079839989,64,0,0,0
1337,5.0000,0.2500,64,7,B,0.060100370,48,0,0,0
1337,5.0000,0.2500,64,7,C,0.001097581,0,48,0,0
1337,5.0000,0.2500,64,8,A,0.078851122,64,0,0,0
1337,5.0000,0.2500,64,8,B,0.057444482,48,0,0,0
1337,5.0000,0.2500,64,8,C,0.001097251,0,48,0,0
1337,5.0000,0.5000,64,0,A,0.077630038,64,0,0,0
1337,5.0000,0.5000,64,0,B,0.041031572,32,0,0,0
1337,5.0000,0.5000,64,0,C,0.001112028,0,32,0,0
1337,5.0000,0.5000,64,1,A,0.076879059,64,0,0,0
1337,5.0000,0.5000,64,1,B,0.040835063,32,0,0,0
1337,5.0000,0.5000,64,1,C,0.001095177,0,32,0,0
1337,5.0000,0.5000,64,2,A,0.078498570,64,0,0,0
1337,5.0000,0.5000,64,2,B,0.040449929,32,0,0,0
1337,5.0000,0.5000,64,2,C,0.001091860,0,32,0,0
1337,5.0000,0.5000,64,3,A,0.077685764,64,0,0,0
1337,5.0000,0.5000,64,3,B,0.039926978,32,0,0,0
1337,5.0000,0.5000,64,3,C,0.001151171,0,32,0,0
1337,5.0000,0.5000,64,4,A,0.077616443,64,0,0,0
1337,5.0000,0.5000,64,4,B,0.039849592,32,0,0,0
1337,5.0000,0.5000,64,4,C,0.001093183,0,32,0,0
1337,5.0000,0.5000,64,5,A,0.075267422,64,0,0,0
1337,5.0000,0.5000,64,5,B,0.042106200,32,0,0,0
1337,5.0000,0.5000,64,5,C,0.001096249,0,32,0,0
1337,5.0000,0.5000,64,6,A,0.077632533,64,0,0,0
1337,5.0000,0.5000,64,6,B,0.040729544,32,0,0,0
1337,5.0000,0.5000,64,6,C,0.001091500,0,32,0,0
1337,5.0000,0.5000,64,7,A,0.078622422,64,0,0,0
1337,5.0000,0.5000,64,7,B,0.040508770,32,0,0,0
1337,5.0000,0.5000,64,7,C,0.001083745,0,32,0,0
1337,5.0000,0.5000,64,8,A,0.078824372,64,0,0,0
1337,5.0000,0.5000,64,8,B,0.041988068,32,0,0,0
1337,5.0000,0.5000,64,8,C,0.001090558,0,32,0,0
1337,5.0000,0.7500,64,0,A,0.076970771,64,0,0,0
1337,5.0000,0.7500,64,0,B,0.021343931,16,0,0,0
1337,5.0000,0.7500,64,0,C,0.001118009,0,16,0,0
1337,5.0000,0.7500,64,1,A,0.078443787,64,0,0,0
1337,5.0000,0.7500,64,1,B,0.021310909,16,0,0,0
1337,5.0000,0.7500,64,1,C,0.001094054,0,16,0,0
1337,5.0000,0.7500,64,2,A,0.078554284,64,0,0,0
1337,5.0000,0.7500,64,2,B,0.022001396,16,0,0,0
1337,5.0000,0.7500,64,2,C,0.001122097,0,16,0,0
1337,5.0000,0.7500,64,3,A,0.078546009,64,0,0,0
1337,5.0000,0.7500,64,3,B,0.022721989,16,0,0,0
1337,5.0000,0.7500,64,3,C,0.001105546,0,16,0,0
1337,5.0000,0.7500,64,4,A,0.075801455,64,0,0,0
1337,5.0000,0.7500,64,4,B,0.021836496,16,0,0,0
1337,5.0000,0.7500,64,4,C,0.001094725,0,16,0,0
1337,5.0000,0.7500,64,5,A,0.078905624,64,0,0,0
1337,5.0000,0.7500,64,5,B,0.021334694,16,0,0,0
1337,5.0000,0.7500,64,5,C,0.001089065,0,16,0,0
1337,5.0000,0.7500,64,6,A,0.074104317,64,0,0,0
1337,5.0000,0.7500,64,6,B,0.021924712,16,0,0,0
1337,5.0000,0.7500,64,6,C,0.001125363,0,16,0,0
1337,5.0000,0.7500,64,7,A,0.078509139,64,0,0,0
1337,5.0000,0.7500,64,7,B,0.020250207,16,0,0,0
1337,5.0000,0.7500,64,7,C,0.001110455,0,16,0,0
1337,5.0000,0.7500,64,8,A,0.078641578,64,0,0,0
1337,5.0000,0.7500,64,8,B,0.021413502,16,0,0,0
1337,5.0000,0.7500,64,8,C,0.001102110,0,16,0,0
1337,10.0000,0.2500,64,0,A,0.151443982,64,0,0,0
1337,10.0000,0.2500,64,0,B,0.116780167,48,0,0,0
1337,10.0000,0.2500,64,0,C,0.001097231,0,48,0,0
1337,10.0000,0.2500,64,1,A,0.147823803,64,0,0,0
1337,10.0000,0.2500,64,1,B,0.116810084,48,0,0,0
1337,10.0000,0.2500,64,1,C,0.001096208,0,48,0,0
1337,10.0000,0.2500,64,2,A,0.148025352,64,0,0,0
1337,10.0000,0.2500,64,2,B,0.117001022,48,0,0,0
1337,10.0000,0.2500,64,2,C,0.001106288,0,48,0,0
1337,10.0000,0.2500,64,3,A,0.151473547,64,0,0,0
1337,10.0000,0.2500,64,3,B,0.115572790,48,0,0,0
1337,10.0000,0.2500,64,3,C,0.001105596,0,48,0,0
1337,10.0000,0.2500,64,4,A,0.145763083,64,0,0,0
1337,10.0000,0.2500,64,4,B,0.116499771,48,0,0,0
1337,10.0000,0.2500,64,4,C,0.001089666,0,48,0,0
1337,10.0000,0.2500,64,5,A,0.148076427,64,0,0,0
1337,10.0000,0.2500,64,5,B,0.115653001,48,0,0,0
1337,10.0000,0.2500,64,5,C,0.001121026,0,48,0,0
1337,10.0000,0.2500,64,6,A,0.152763278,64,0,0,0
1337,10.0000,0.2500,64,6,B,0.116629895,48,0,0,0
1337,10.0000,0.2500,64,6,C,0.001090317,0,48,0,0
1337,10.0000,0.2500,64,7,A,0.149453343,64,0,0,0
1337,10.0000,0.2500,64,7,B,0.115311790,48,0,0,0
1337,10.0000,0.2500,64,7,C,0.001145130,0,48,0,0
1337,10.0000,0.2500,64,8,A,0.148424281,64,0,0,0
1337,10.0000,0.2500,64,8,B,0.114482563,48,0,0,0
1337,10.0000,0.2500,64,8,C,0.001158455,0,48,0,0
1337,10.0000,0.5000,64,0,A,0.150029214,64,0,0,0
1337,10.0000,0.5000,64,0,B,0.078900284,32,0,0,0
1337,10.0000,0.5000,64,0,C,0.001154318,0,32,0,0
1337,10.0000,0.5000,64,1,A,0.152733543,64,0,0,0
1337,10.0000,0.5000,64,1,B,0.078576676,32,0,0,0
1337,10.0000,0.5000,64,1,C,0.001105737,0,32,0,0
1337,10.0000,0.5000,64,2,A,0.150821613,64,0,0,0
1337,10.0000,0.5000,64,2,B,0.079043082,32,0,0,0
1337,10.0000,0.5000,64,2,C,0.001097871,0,32,0,0
1337,10.0000,0.5000,64,3,A,0.145753506,64,0,0,0
1337,10.0000,0.5000,64,3,B,0.078963293,32,0,0,0
1337,10.0000,0.5000,64,3,C,0.001107520,0,32,0,0
1337,10.0000,0.5000,64,4,A,0.152611173,64,0,0,0
1337,10.0000,0.5000,64,4,B,0.078947102,32,0,0,0
1337,10.0000,0.5000,64,4,C,0.001109313,0,32,0,0
1337,10.0000,0.5000,64,5,A,0.149642609,64,0,0,0
1337,10.0000,0.5000,64,5,B,0.078715337,32,0,0,0
1337,10.0000,0.5000,64,5,C,0.001082963,0,32,0,0
1337,10.0000,0.5000,64,6,A,0.147182188,64,0,0,0
1337,10.0000,0.5000,64,6,B,0.075645031,32,0,0,0
1337,10.0000,0.5000,64,6,C,0.001115324,0,32,0,0
1337,10.0000,0.5000,64,7,A,0.153631659,64,0,0,0
1337,10.0000,0.5000,64,7,B,0.079631447,32,0,0,0
1337,10.0000,0.5000,64,7,C,0.001126636,0,32,0,0
1337,10.0000,0.5000,64,8,A,0.148498860,64,0,0,0
1337,10.0000,0.5000,64,8,B,0.075292519,32,0,0,0
1337,10.0000,0.5000,64,8,C,0.001154548,0,32,0,0
1337,10.0000,0.7500,64,0,A,0.152728193,64,0,0,0
1337,10.0000,0.7500,64,0,B,0.040734153,16,0,0,0
1337,10.0000,0.7500,64,0,C,0.001101398,0,16,0,0
1337,10.0000,0.7500,64,1,A,0.147149356,64,0,0,0
1337,10.0000,0.7500,64,1,B,0.041656194,16,0,0,0
1337,10.0000,0.7500,64,1,C,0.001152324,0,16,0,0
1337,10.0000,0.7500,64,2,A,0.150392046,64,0,0,0
1337,10.0000,0.7500,64,2,B,0.041934257,16,0,0,0
1337,10.0000,0.7500,64,2,C,0.001107379,0,16,0,0
1337,10.0000,0.7500,64,3,A,0.148182777,64,0,0,0
1337,10.0000,0.7500,64,3,B,0.040411989,16,0,0,0
1337,10.0000,0.7500,64,3,C,0.001115104,0,16,0,0
1337,10.0000,0.7500,64,4,A,0.151273071,64,0,0,0
1337,10.0000,0.7500,64,4,B,0.041945358,16,0,0,0
1337,10.0000,0.7500,64,4,C,0.001139961,0,16,0,0
1337,10.0000,0.7500,64,5,A,0.149488229,64,0,0,0
1337,10.0000,0.7500,64,5,B,0.041307910,16,0,0,0
1337,10.0000,0.7500,64,5,C,0.001101569,0,16,0,0
1337,10.0000,0.7500,64,6,A,0.151721011,64,0,0,0
1337,10.0000,0.7500,64,6,B,0.040201883,16,0,0,0
1337,10.0000,0.7500,64,6,C,0.001087793,0,16,0,0
1337,10.0000,0.7500,64,7,A,0.154676612,64,0,0,0
1337,10.0000,0.7500,64,7,B,0.040111714,16,0,0,0
1337,10.0000,0.7500,64,7,C,0.001124972,0,16,0,0
1337,10.0000,0.7500,64,8,A,0.150542829,64,0,0,0
1337,10.0000,0.7500,64,8,B,0.039943729,16,0,0,0
1337,10.0000,0.7500,64,8,C,0.001128369,0,16,0,0
1337,50.0000,0.2500,64,0,A,0.720752885,64,0,0,0
1337,50.0000,0.2500,64,0,B,0.542748558,48,0,0,0
1337,50.0000,0.2500,64,0,C,0.001130242,0,48,0,0
1337,50.0000,0.2500,64,1,A,0.723921606,64,0,0,0
1337,50.0000,0.2500,64,1,B,0.546081827,48,0,0,0
1337,50.0000,0.2500,64,1,C,0.001156933,0,48,0,0
1337,50.0000,0.2500,64,2,A,0.722249916,64,0,0,0
1337,50.0000,0.2500,64,2,B,0.542586553,48,0,0,0
1337,50.0000,0.2500,64,2,C,0.001125443,0,48,0,0
1337,50.0000,0.2500,64,3,A,0.721239689,64,0,0,0
1337,50.0000,0.2500,64,3,B,0.540536814,48,0,0,0
1337,50.0000,0.2500,64,3,C,0.001144880,0,48,0,0
1337,50.0000,0.2500,64,4,A,0.720166464,64,0,0,0
1337,50.0000,0.2500,64,4,B,0.541773215,48,0,0,0
1337,50.0000,0.2500,64,4,C,0.001174927,0,48,0,0
1337,50.0000,0.2500,64,5,A,0.720425039,64,0,0,0
1337,50.0000,0.2500,64,5,B,0.540721020,48,0,0,0
1337,50.0000,0.2500,64,5,C,0.001165879,0,48,0,0
1337,50.0000,0.2500,64,6,A,0.725379743,64,0,0,0
1337,50.0000,0.2500,64,6,B,0.544952857,48,0,0,0
1337,50.0000,0.2500,64,6,C,0.001141914,0,48,0,0
1337,50.0000,0.2500,64,7,A,0.718538065,64,0,0,0
1337,50.0000,0.2500,64,7,B,0.542467890,48,0,0,0
1337,50.0000,0.2500,64,7,C,0.001136775,0,48,0,0
1337,50.0000,0.2500,64,8,A,0.750254965,64,0,0,0
1337,50.0000,0.2500,64,8,B,0.539481361,48,0,0,0
1337,50.0000,0.2500,64,8,C,0.001126325,0,48,0,0
1337,50.0000,0.5000,64,0,A,0.731132576,64,0,0,0
1337,50.0000,0.5000,64,0,B,0.364818228,32,0,0,0
1337,50.0000,0.5000,64,0,C,0.001155600,0,32,0,0
1337,50.0000,0.5000,64,1,A,0.722775922,64,0,0,0
1337,50.0000,0.5000,64,1,B,0.366783759,32,0,0,0
1337,50.0000,0.5000,64,1,C,0.001151181,0,32,0,0
1337,50.0000,0.5000,64,2,A,0.718299998,64,0,0,0
1337,50.0000,0.5000,64,2,B,0.365676219,32,0,0,0
1337,50.0000,0.5000,64,2,C,0.001132728,0,32,0,0
1337,50.0000,0.5000,64,3,A,0.764458256,64,0,0,0
1337,50.0000,0.5000,64,3,B,0.363792291,32,0,0,0
1337,50.0000,0.5000,64,3,C,0.001084948,0,32,0,0
1337,50.0000,0.5000,64,4,A,0.729025408,64,0,0,0
1337,50.0000,0.5000,64,4,B,0.366730599,32,0,0,0
1337,50.0000,0.5000,64,4,C,0.001162153,0,32,0,0
1337,50.0000,0.5000,64,5,A,0.718100672,64,0,0,0
1337,50.0000,0.5000,64,5,B,0.366994314,32,0,0,0
1337,50.0000,0.5000,64,5,C,0.001101599,0,32,0,0
1337,50.0000,0.5000,64,6,A,0.739803848,64,0,0,0
1337,50.0000,0.5000,64,6,B,0.360378370,32,0,0,0
1337,50.0000,0.5000,64,6,C,0.001135332,0,32,0,0
1337,50.0000,0.5000,64,7,A,0.737485064,64,0,0,0
1337,50.0000,0.5000,64,7,B,0.366015045,32,0,0,0
1337,50.0000,0.5000,64,7,C,0.001148867,0,32,0,0
1337,50.0000,0.5000,64,8,A,0.720122048,64,0,0,0
1337,50.0000,0.5000,64,8,B,0.374259437,32,0,0,0
1337,50.0000,0.5000,64,8,C,0.001130674,0,32,0,0
1337,50.0000,0.7500,64,0,A,0.764459027,64,0,0,0
1337,50.0000,0.7500,64,0,B,0.193015847,16,0,0,0
1337,50.0000,0.7500,64,0,C,0.001146342,0,16,0,0
1337,50.0000,0.7500,64,1,A,0.734287388,64,0,0,0
1337,50.0000,0.7500,64,1,B,0.183860344,16,0,0,0
1337,50.0000,0.7500,64,1,C,0.001114142,0,16,0,0
1337,50.0000,0.7500,64,2,A,0.718744380,64,0,0,0
1337,50.0000,0.7500,64,2,B,0.192751760,16,0,0,0
1337,50.0000,0.7500,64,2,C,0.001132347,0,16,0,0
1337,50.0000,0.7500,64,3,A,0.721617456,64,0,0,0
1337,50.0000,0.7500,64,3,B,0.183766518,16,0,0,0
1337,50.0000,0.7500,64,3,C,0.001108161,0,16,0,0
1337,50.0000,0.7500,64,4,A,0.720899918,64,0,0,0
1337,50.0000,0.7500,64,4,B,0.184709148,16,0,0,0
1337,50.0000,0.7500,64,4,C,0.001114333,0,16,0,0
1337,50.0000,0.7500,64,5,A,0.738616126,64,0,0,0
1337,50.0000,0.7500,64,5,B,0.193217294,16,0,0,0
1337,50.0000,0.7500,64,5,C,0.001135532,0,16,0,0
1337,50.0000,0.7500,64,6,A,0.720554750,64,0,0,0
1337,50.0000,0.7500,64,6,B,0.184087711,16,0,0,0
1337,50.0000,0.7500,64,6,C,0.001138698,0,16,0,0
1337,50.0000,0.7500,64,7,A,0.735634838,64,0,0,0
1337,50.0000,0.7500,64,7,B,0.187023022,16,0,0,0
1337,50.0000,0.7500,64,7,C,0.001154538,0,16,0,0
1337,50.0000,0.7500,64,8,A,0.722484714,64,0,0,0
1337,50.0000,0.7500,64,8,B,0.193566481,16,0,0,0
1337,50.0000,0.7500,64,8,C,0.001110065,0,16,0,0
