rep,workload,config,policy,baseline_seconds,ordered_seconds,ratio
0,SKEW-LAST,sgee_w2,LPT(λ=0),0.138868,0.098829,0.711676
1,SKEW-LAST,sgee_w2,LPT(λ=0),0.150254,0.099543,0.662498
2,SKEW-LAST,sgee_w2,LPT(λ=0),0.143079,0.107272,0.749741
3,SKEW-LAST,sgee_w2,LPT(λ=0),0.137740,0.115079,0.835476
4,SKEW-LAST,sgee_w2,LPT(λ=0),0.141691,0.105191,0.742391
5,SKEW-LAST,sgee_w2,LPT(λ=0),0.131648,0.106615,0.809848
6,SKEW-LAST,sgee_w2,LPT(λ=0),0.133613,0.093992,0.703468
7,SKEW-LAST,sgee_w2,LPT(λ=0),0.136127,0.101104,0.742718
8,SKEW-LAST,sgee_w2,LPT(λ=0),0.134480,0.098563,0.732919
9,SKEW-LAST,sgee_w2,LPT(λ=0),0.131955,0.102026,0.773193
10,SKEW-LAST,sgee_w2,LPT(λ=0),0.159187,0.104126,0.654114
11,SKEW-LAST,sgee_w2,LPT(λ=0),0.148752,0.106145,0.713571
12,SKEW-LAST,sgee_w2,LPT(λ=0),0.136841,0.099455,0.726790
13,SKEW-LAST,sgee_w2,LPT(λ=0),0.137057,0.106313,0.775679
14,SKEW-LAST,sgee_w2,LPT(λ=0),0.130603,0.101996,0.780967
15,SKEW-LAST,sgee_w2,LPT(λ=0),0.137048,0.101934,0.743785
16,SKEW-LAST,sgee_w2,LPT(λ=0),0.134038,0.098038,0.731415
17,SKEW-LAST,sgee_w2,LPT(λ=0),0.138270,0.100961,0.730173
18,SKEW-LAST,sgee_w2,LPT(λ=0),0.137505,0.110348,0.802500
19,SKEW-LAST,sgee_w2,LPT(λ=0),0.134938,0.097348,0.721426
20,SKEW-LAST,sgee_w2,LPT(λ=0),0.131426,0.096854,0.736944
21,SKEW-LAST,sgee_w2,LPT(λ=0),0.139457,0.096596,0.692658
22,SKEW-LAST,sgee_w2,LPT(λ=0),0.133647,0.104418,0.781298
23,SKEW-LAST,sgee_w2,LPT(λ=0),0.135005,0.099804,0.739260
24,SKEW-LAST,sgee_w2,LPT(λ=0),0.139366,0.099800,0.716095
25,SKEW-LAST,sgee_w2,LPT(λ=0),0.139549,0.103906,0.744584
26,SKEW-LAST,sgee_w2,LPT(λ=0),0.138061,0.118736,0.860026
27,SKEW-LAST,sgee_w2,LPT(λ=0),0.136388,0.093012,0.681961
28,SKEW-LAST,sgee_w2,LPT(λ=0),0.136659,0.107566,0.787107
29,SKEW-LAST,sgee_w2,LPT(λ=0),0.132216,0.099002,0.748788
0,SKEW-LAST,sgee_w4,LPT(λ=0),0.109409,0.101077,0.923851
1,SKEW-LAST,sgee_w4,LPT(λ=0),0.122373,0.105060,0.858517
2,SKEW-LAST,sgee_w4,LPT(λ=0),0.115669,0.093557,0.808832
3,SKEW-LAST,sgee_w4,LPT(λ=0),0.119906,0.107665,0.897916
4,SKEW-LAST,sgee_w4,LPT(λ=0),0.115682,0.101085,0.873816
5,SKEW-LAST,sgee_w4,LPT(λ=0),0.122569,0.094846,0.773820
6,SKEW-LAST,sgee_w4,LPT(λ=0),0.122248,0.094831,0.775723
7,SKEW-LAST,sgee_w4,LPT(λ=0),0.114725,0.099946,0.871183
8,SKEW-LAST,sgee_w4,LPT(λ=0),0.112696,0.096532,0.856568
9,SKEW-LAST,sgee_w4,LPT(λ=0),0.116811,0.096871,0.829297
10,SKEW-LAST,sgee_w4,LPT(λ=0),0.123367,0.096742,0.784183
11,SKEW-LAST,sgee_w4,LPT(λ=0),0.114875,0.101071,0.879837
12,SKEW-LAST,sgee_w4,LPT(λ=0),0.116983,0.095527,0.816586
13,SKEW-LAST,sgee_w4,LPT(λ=0),0.117704,0.100839,0.856719
14,SKEW-LAST,sgee_w4,LPT(λ=0),0.123180,0.095353,0.774093
15,SKEW-LAST,sgee_w4,LPT(λ=0),0.125623,0.095739,0.762114
16,SKEW-LAST,sgee_w4,LPT(λ=0),0.112906,0.096662,0.856125
17,SKEW-LAST,sgee_w4,LPT(λ=0),0.123141,0.097890,0.794938
18,SKEW-LAST,sgee_w4,LPT(λ=0),0.133676,0.094633,0.707931
19,SKEW-LAST,sgee_w4,LPT(λ=0),0.119258,0.104505,0.876293
20,SKEW-LAST,sgee_w4,LPT(λ=0),0.115887,0.114742,0.990120
21,SKEW-LAST,sgee_w4,LPT(λ=0),0.126369,0.103321,0.817610
22,SKEW-LAST,sgee_w4,LPT(λ=0),0.112658,0.106450,0.944895
23,SKEW-LAST,sgee_w4,LPT(λ=0),0.113575,0.116818,1.028553
24,SKEW-LAST,sgee_w4,LPT(λ=0),0.125185,0.105096,0.839524
25,SKEW-LAST,sgee_w4,LPT(λ=0),0.115984,0.102253,0.881613
26,SKEW-LAST,sgee_w4,LPT(λ=0),0.113877,0.085149,0.747732
27,SKEW-LAST,sgee_w4,LPT(λ=0),0.112823,0.101688,0.901304
28,SKEW-LAST,sgee_w4,LPT(λ=0),0.115009,0.100839,0.876790
29,SKEW-LAST,sgee_w4,LPT(λ=0),0.111401,0.095845,0.860366
0,SKEW-LAST,sgee_w8,LPT(λ=0),0.108715,0.095083,0.874611
1,SKEW-LAST,sgee_w8,LPT(λ=0),0.121229,0.094046,0.775770
2,SKEW-LAST,sgee_w8,LPT(λ=0),0.110704,0.097918,0.884508
3,SKEW-LAST,sgee_w8,LPT(λ=0),0.105257,0.098289,0.933798
4,SKEW-LAST,sgee_w8,LPT(λ=0),0.119467,0.103435,0.865798
5,SKEW-LAST,sgee_w8,LPT(λ=0),0.104012,0.097170,0.934220
6,SKEW-LAST,sgee_w8,LPT(λ=0),0.103473,0.093964,0.908106
7,SKEW-LAST,sgee_w8,LPT(λ=0),0.120170,0.100195,0.833780
8,SKEW-LAST,sgee_w8,LPT(λ=0),0.114274,0.091538,0.801042
9,SKEW-LAST,sgee_w8,LPT(λ=0),0.101500,0.095852,0.944357
10,SKEW-LAST,sgee_w8,LPT(λ=0),0.116956,0.104691,0.895132
11,SKEW-LAST,sgee_w8,LPT(λ=0),0.104601,0.103290,0.987471
12,SKEW-LAST,sgee_w8,LPT(λ=0),0.104207,0.092815,0.890680
13,SKEW-LAST,sgee_w8,LPT(λ=0),0.112952,0.093780,0.830264
14,SKEW-LAST,sgee_w8,LPT(λ=0),0.103551,0.092576,0.894020
15,SKEW-LAST,sgee_w8,LPT(λ=0),0.101188,0.087493,0.864654
16,SKEW-LAST,sgee_w8,LPT(λ=0),0.103309,0.094907,0.918664
17,SKEW-LAST,sgee_w8,LPT(λ=0),0.101183,0.102749,1.015477
18,SKEW-LAST,sgee_w8,LPT(λ=0),0.102806,0.097076,0.944267
19,SKEW-LAST,sgee_w8,LPT(λ=0),0.111933,0.096014,0.857785
20,SKEW-LAST,sgee_w8,LPT(λ=0),0.103648,0.102480,0.988729
21,SKEW-LAST,sgee_w8,LPT(λ=0),0.114181,0.091831,0.804258
22,SKEW-LAST,sgee_w8,LPT(λ=0),0.115068,0.107792,0.936767
23,SKEW-LAST,sgee_w8,LPT(λ=0),0.104464,0.091834,0.879096
24,SKEW-LAST,sgee_w8,LPT(λ=0),0.104554,0.096997,0.927729
25,SKEW-LAST,sgee_w8,LPT(λ=0),0.112308,0.085596,0.762154
26,SKEW-LAST,sgee_w8,LPT(λ=0),0.114751,0.096646,0.842221
27,SKEW-LAST,sgee_w8,LPT(λ=0),0.103087,0.096789,0.938910
28,SKEW-LAST,sgee_w8,LPT(λ=0),0.103933,0.095977,0.923448
29,SKEW-LAST,sgee_w8,LPT(λ=0),0.116085,0.095999,0.826970
0,SKEW-PERM-1,sgee_w4,LPT(λ=0),0.104385,0.090215,0.864257
1,SKEW-PERM-1,sgee_w4,LPT(λ=0),0.108586,0.088857,0.818309
2,SKEW-PERM-1,sgee_w4,LPT(λ=0),0.100222,0.093304,0.930973
3,SKEW-PERM-1,sgee_w4,LPT(λ=0),0.099373,0.096071,0.966768
4,SKEW-PERM-1,sgee_w4,LPT(λ=0),0.108319,0.105953,0.978153
5,SKEW-PERM-1,sgee_w4,LPT(λ=0),0.098083,0.102723,1.047313
6,SKEW-PERM-1,sgee_w4,LPT(λ=0),0.104779,0.095281,0.909353
7,SKEW-PERM-1,sgee_w4,LPT(λ=0),0.100622,0.099688,0.990722
8,SKEW-PERM-1,sgee_w4,LPT(λ=0),0.104808,0.104892,1.000802
9,SKEW-PERM-1,sgee_w4,LPT(λ=0),0.098010,0.106152,1.083065
10,SKEW-PERM-1,sgee_w4,LPT(λ=0),0.108357,0.092362,0.852388
11,SKEW-PERM-1,sgee_w4,LPT(λ=0),0.111512,0.092442,0.828989
12,SKEW-PERM-1,sgee_w4,LPT(λ=0),0.098077,0.100151,1.021144
13,SKEW-PERM-1,sgee_w4,LPT(λ=0),0.099246,0.106150,1.069567
14,SKEW-PERM-1,sgee_w4,LPT(λ=0),0.104149,0.085760,0.823436
15,SKEW-PERM-1,sgee_w4,LPT(λ=0),0.100897,0.092688,0.918644
16,SKEW-PERM-1,sgee_w4,LPT(λ=0),0.101155,0.092881,0.918209
17,SKEW-PERM-1,sgee_w4,LPT(λ=0),0.108623,0.105052,0.967124
18,SKEW-PERM-1,sgee_w4,LPT(λ=0),0.109710,0.097085,0.884921
19,SKEW-PERM-1,sgee_w4,LPT(λ=0),0.130422,0.104981,0.804933
20,SKEW-PERM-1,sgee_w4,LPT(λ=0),0.110750,0.099505,0.898467
21,SKEW-PERM-1,sgee_w4,LPT(λ=0),0.101332,0.104166,1.027969
22,SKEW-PERM-1,sgee_w4,LPT(λ=0),0.098706,0.095855,0.971107
23,SKEW-PERM-1,sgee_w4,LPT(λ=0),0.112881,0.101243,0.896901
24,SKEW-PERM-1,sgee_w4,LPT(λ=0),0.104469,0.101785,0.974314
25,SKEW-PERM-1,sgee_w4,LPT(λ=0),0.101168,0.098741,0.976013
26,SKEW-PERM-1,sgee_w4,LPT(λ=0),0.102677,0.095004,0.925277
27,SKEW-PERM-1,sgee_w4,LPT(λ=0),0.122059,0.094546,0.774596
28,SKEW-PERM-1,sgee_w4,LPT(λ=0),0.103804,0.094328,0.908714
29,SKEW-PERM-1,sgee_w4,LPT(λ=0),0.105501,0.091895,0.871039
0,SKEW-PERM-2,sgee_w4,LPT(λ=0),0.093995,0.085363,0.908161
1,SKEW-PERM-2,sgee_w4,LPT(λ=0),0.095008,0.099897,1.051455
2,SKEW-PERM-2,sgee_w4,LPT(λ=0),0.104132,0.104063,0.999338
3,SKEW-PERM-2,sgee_w4,LPT(λ=0),0.096866,0.093439,0.964625
4,SKEW-PERM-2,sgee_w4,LPT(λ=0),0.098078,0.091722,0.935200
5,SKEW-PERM-2,sgee_w4,LPT(λ=0),0.105523,0.099120,0.939327
6,SKEW-PERM-2,sgee_w4,LPT(λ=0),0.095677,0.085126,0.889719
7,SKEW-PERM-2,sgee_w4,LPT(λ=0),0.097183,0.105081,1.081279
8,SKEW-PERM-2,sgee_w4,LPT(λ=0),0.107478,0.096965,0.902184
9,SKEW-PERM-2,sgee_w4,LPT(λ=0),0.092780,0.100889,1.087398
10,SKEW-PERM-2,sgee_w4,LPT(λ=0),0.090368,0.105584,1.168377
11,SKEW-PERM-2,sgee_w4,LPT(λ=0),0.100060,0.096669,0.966112
12,SKEW-PERM-2,sgee_w4,LPT(λ=0),0.097982,0.092605,0.945122
13,SKEW-PERM-2,sgee_w4,LPT(λ=0),0.092337,0.096867,1.049061
14,SKEW-PERM-2,sgee_w4,LPT(λ=0),0.105976,0.099631,0.940130
15,SKEW-PERM-2,sgee_w4,LPT(λ=0),0.108549,0.105965,0.976194
16,SKEW-PERM-2,sgee_w4,LPT(λ=0),0.091483,0.090339,0.987500
17,SKEW-PERM-2,sgee_w4,LPT(λ=0),0.098774,0.106377,1.076974
18,SKEW-PERM-2,sgee_w4,LPT(λ=0),0.096345,0.095870,0.995075
19,SKEW-PERM-2,sgee_w4,LPT(λ=0),0.095898,0.105578,1.100944
20,SKEW-PERM-2,sgee_w4,LPT(λ=0),0.096841,0.097867,1.010598
21,SKEW-PERM-2,sgee_w4,LPT(λ=0),0.095530,0.092202,0.965163
22,SKEW-PERM-2,sgee_w4,LPT(λ=0),0.102445,0.109942,1.073179
23,SKEW-PERM-2,sgee_w4,LPT(λ=0),0.104318,0.095941,0.919698
24,SKEW-PERM-2,sgee_w4,LPT(λ=0),0.104414,0.095537,0.914988
25,SKEW-PERM-2,sgee_w4,LPT(λ=0),0.089149,0.122003,1.368526
26,SKEW-PERM-2,sgee_w4,LPT(λ=0),0.092891,0.100181,1.078483
27,SKEW-PERM-2,sgee_w4,LPT(λ=0),0.091286,0.096041,1.052087
28,SKEW-PERM-2,sgee_w4,LPT(λ=0),0.099697,0.089317,0.895881
29,SKEW-PERM-2,sgee_w4,LPT(λ=0),0.109641,0.098918,0.902201
0,SKEW-PERM-3,sgee_w4,LPT(λ=0),0.095894,0.085029,0.886700
1,SKEW-PERM-3,sgee_w4,LPT(λ=0),0.109624,0.090037,0.821324
2,SKEW-PERM-3,sgee_w4,LPT(λ=0),0.091528,0.098433,1.075439
3,SKEW-PERM-3,sgee_w4,LPT(λ=0),0.106235,0.103999,0.978954
4,SKEW-PERM-3,sgee_w4,LPT(λ=0),0.108689,0.094716,0.871438
5,SKEW-PERM-3,sgee_w4,LPT(λ=0),0.108496,0.107480,0.990637
6,SKEW-PERM-3,sgee_w4,LPT(λ=0),0.091700,0.103047,1.123739
7,SKEW-PERM-3,sgee_w4,LPT(λ=0),0.103238,0.092402,0.895040
8,SKEW-PERM-3,sgee_w4,LPT(λ=0),0.107697,0.104971,0.974689
9,SKEW-PERM-3,sgee_w4,LPT(λ=0),0.093601,0.096586,1.031892
10,SKEW-PERM-3,sgee_w4,LPT(λ=0),0.098970,0.094436,0.954181
11,SKEW-PERM-3,sgee_w4,LPT(λ=0),0.106845,0.084737,0.793085
12,SKEW-PERM-3,sgee_w4,LPT(λ=0),0.093021,0.092961,0.999351
13,SKEW-PERM-3,sgee_w4,LPT(λ=0),0.094868,0.087796,0.925451
14,SKEW-PERM-3,sgee_w4,LPT(λ=0),0.092431,0.100770,1.090223
15,SKEW-PERM-3,sgee_w4,LPT(λ=0),0.094325,0.093030,0.986273
16,SKEW-PERM-3,sgee_w4,LPT(λ=0),0.116528,0.094962,0.814930
17,SKEW-PERM-3,sgee_w4,LPT(λ=0),0.100132,0.100970,1.008379
18,SKEW-PERM-3,sgee_w4,LPT(λ=0),0.105522,0.096717,0.916560
19,SKEW-PERM-3,sgee_w4,LPT(λ=0),0.098864,0.102107,1.032804
20,SKEW-PERM-3,sgee_w4,LPT(λ=0),0.103389,0.093889,0.908117
21,SKEW-PERM-3,sgee_w4,LPT(λ=0),0.102171,0.091369,0.894282
22,SKEW-PERM-3,sgee_w4,LPT(λ=0),0.100781,0.103484,1.026819
23,SKEW-PERM-3,sgee_w4,LPT(λ=0),0.105374,0.092707,0.879787
24,SKEW-PERM-3,sgee_w4,LPT(λ=0),0.101970,0.101948,0.999783
25,SKEW-PERM-3,sgee_w4,LPT(λ=0),0.094875,0.093867,0.989375
26,SKEW-PERM-3,sgee_w4,LPT(λ=0),0.114757,0.095886,0.835559
27,SKEW-PERM-3,sgee_w4,LPT(λ=0),0.103912,0.100104,0.963357
28,SKEW-PERM-3,sgee_w4,LPT(λ=0),0.111436,0.097816,0.877782
29,SKEW-PERM-3,sgee_w4,LPT(λ=0),0.100307,0.112945,1.125987
0,SKEW-PERM-4,sgee_w4,LPT(λ=0),0.110715,0.094951,0.857612
1,SKEW-PERM-4,sgee_w4,LPT(λ=0),0.122213,0.096567,0.790152
2,SKEW-PERM-4,sgee_w4,LPT(λ=0),0.119012,0.095875,0.805594
3,SKEW-PERM-4,sgee_w4,LPT(λ=0),0.124295,0.105081,0.845417
4,SKEW-PERM-4,sgee_w4,LPT(λ=0),0.118102,0.102894,0.871226
5,SKEW-PERM-4,sgee_w4,LPT(λ=0),0.118135,0.085227,0.721435
6,SKEW-PERM-4,sgee_w4,LPT(λ=0),0.126255,0.101915,0.807213
7,SKEW-PERM-4,sgee_w4,LPT(λ=0),0.109336,0.094627,0.865468
8,SKEW-PERM-4,sgee_w4,LPT(λ=0),0.112431,0.110626,0.983952
9,SKEW-PERM-4,sgee_w4,LPT(λ=0),0.129797,0.096437,0.742982
10,SKEW-PERM-4,sgee_w4,LPT(λ=0),0.111574,0.102188,0.915878
11,SKEW-PERM-4,sgee_w4,LPT(λ=0),0.108085,0.092432,0.855181
12,SKEW-PERM-4,sgee_w4,LPT(λ=0),0.111636,0.106571,0.954630
13,SKEW-PERM-4,sgee_w4,LPT(λ=0),0.111673,0.098216,0.879496
14,SKEW-PERM-4,sgee_w4,LPT(λ=0),0.107700,0.105241,0.977174
15,SKEW-PERM-4,sgee_w4,LPT(λ=0),0.117987,0.099630,0.844416
16,SKEW-PERM-4,sgee_w4,LPT(λ=0),0.114594,0.094606,0.825575
17,SKEW-PERM-4,sgee_w4,LPT(λ=0),0.116140,0.096868,0.834063
18,SKEW-PERM-4,sgee_w4,LPT(λ=0),0.108650,0.107451,0.988959
19,SKEW-PERM-4,sgee_w4,LPT(λ=0),0.120993,0.103185,0.852820
20,SKEW-PERM-4,sgee_w4,LPT(λ=0),0.120286,0.103252,0.858389
21,SKEW-PERM-4,sgee_w4,LPT(λ=0),0.120963,0.094418,0.780552
22,SKEW-PERM-4,sgee_w4,LPT(λ=0),0.126300,0.101283,0.801923
23,SKEW-PERM-4,sgee_w4,LPT(λ=0),0.112367,0.105341,0.937472
24,SKEW-PERM-4,sgee_w4,LPT(λ=0),0.111034,0.102390,0.922153
25,SKEW-PERM-4,sgee_w4,LPT(λ=0),0.107310,0.102228,0.952642
26,SKEW-PERM-4,sgee_w4,LPT(λ=0),0.109673,0.093567,0.853142
27,SKEW-PERM-4,sgee_w4,LPT(λ=0),0.109538,0.096694,0.882747
28,SKEW-PERM-4,sgee_w4,LPT(λ=0),0.110441,0.100790,0.912618
29,SKEW-PERM-4,sgee_w4,LPT(λ=0),0.126586,0.096666,0.763641
0,SKEW-PERM-5,sgee_w4,LPT(λ=0),0.117026,0.102854,0.878894
1,SKEW-PERM-5,sgee_w4,LPT(λ=0),0.107439,0.107706,1.002494
2,SKEW-PERM-5,sgee_w4,LPT(λ=0),0.111630,0.113963,1.020901
3,SKEW-PERM-5,sgee_w4,LPT(λ=0),0.114769,0.095662,0.833518
4,SKEW-PERM-5,sgee_w4,LPT(λ=0),0.109664,0.095921,0.874679
5,SKEW-PERM-5,sgee_w4,LPT(λ=0),0.109591,0.111799,1.020149
6,SKEW-PERM-5,sgee_w4,LPT(λ=0),0.105242,0.099950,0.949715
7,SKEW-PERM-5,sgee_w4,LPT(λ=0),0.111645,0.105292,0.943097
8,SKEW-PERM-5,sgee_w4,LPT(λ=0),0.103970,0.097065,0.933591
9,SKEW-PERM-5,sgee_w4,LPT(λ=0),0.111485,0.084764,0.760322
10,SKEW-PERM-5,sgee_w4,LPT(λ=0),0.116585,0.097750,0.838447
11,SKEW-PERM-5,sgee_w4,LPT(λ=0),0.105181,0.096918,0.921435
12,SKEW-PERM-5,sgee_w4,LPT(λ=0),0.111390,0.098874,0.887636
13,SKEW-PERM-5,sgee_w4,LPT(λ=0),0.110657,0.109548,0.989976
14,SKEW-PERM-5,sgee_w4,LPT(λ=0),0.114083,0.101777,0.892135
15,SKEW-PERM-5,sgee_w4,LPT(λ=0),0.110444,0.095433,0.864081
16,SKEW-PERM-5,sgee_w4,LPT(λ=0),0.103330,0.085295,0.825467
17,SKEW-PERM-5,sgee_w4,LPT(λ=0),0.105097,0.095906,0.912546
18,SKEW-PERM-5,sgee_w4,LPT(λ=0),0.113771,0.104773,0.920910
19,SKEW-PERM-5,sgee_w4,LPT(λ=0),0.104332,0.093653,0.897637
20,SKEW-PERM-5,sgee_w4,LPT(λ=0),0.120913,0.104759,0.866394
21,SKEW-PERM-5,sgee_w4,LPT(λ=0),0.103948,0.103131,0.992140
22,SKEW-PERM-5,sgee_w4,LPT(λ=0),0.100830,0.113884,1.129471
23,SKEW-PERM-5,sgee_w4,LPT(λ=0),0.107713,0.096760,0.898315
24,SKEW-PERM-5,sgee_w4,LPT(λ=0),0.116051,0.106097,0.914224
25,SKEW-PERM-5,sgee_w4,LPT(λ=0),0.100823,0.093576,0.928120
26,SKEW-PERM-5,sgee_w4,LPT(λ=0),0.102032,0.091548,0.897250
27,SKEW-PERM-5,sgee_w4,LPT(λ=0),0.103053,0.093490,0.907199
28,SKEW-PERM-5,sgee_w4,LPT(λ=0),0.102187,0.099778,0.976432
29,SKEW-PERM-5,sgee_w4,LPT(λ=0),0.101087,0.096779,0.957381
0,UNIFORM,sgee_w2,LPT(λ=0),0.196651,0.188486,0.958478
1,UNIFORM,sgee_w2,LPT(λ=0),0.201843,0.193382,0.958080
2,UNIFORM,sgee_w2,LPT(λ=0),0.210254,0.186198,0.885587
3,UNIFORM,sgee_w2,LPT(λ=0),0.189984,0.191159,1.006187
4,UNIFORM,sgee_w2,LPT(λ=0),0.192909,0.183868,0.953129
5,UNIFORM,sgee_w2,LPT(λ=0),0.211356,0.187942,0.889223
6,UNIFORM,sgee_w2,LPT(λ=0),0.197601,0.201050,1.017453
7,UNIFORM,sgee_w2,LPT(λ=0),0.186717,0.190409,1.019776
8,UNIFORM,sgee_w2,LPT(λ=0),0.196349,0.200741,1.022366
9,UNIFORM,sgee_w2,LPT(λ=0),0.189313,0.191433,1.011200
10,UNIFORM,sgee_w2,LPT(λ=0),0.199823,0.196701,0.984375
11,UNIFORM,sgee_w2,LPT(λ=0),0.207373,0.197695,0.953330
12,UNIFORM,sgee_w2,LPT(λ=0),0.184523,0.197424,1.069915
13,UNIFORM,sgee_w2,LPT(λ=0),0.192318,0.191046,0.993385
14,UNIFORM,sgee_w2,LPT(λ=0),0.191122,0.196391,1.027567
15,UNIFORM,sgee_w2,LPT(λ=0),0.196446,0.196565,1.000607
16,UNIFORM,sgee_w2,LPT(λ=0),0.200410,0.186148,0.928833
17,UNIFORM,sgee_w2,LPT(λ=0),0.195337,0.196825,1.007616
18,UNIFORM,sgee_w2,LPT(λ=0),0.183594,0.191224,1.041555
19,UNIFORM,sgee_w2,LPT(λ=0),0.190509,0.190332,0.999067
20,UNIFORM,sgee_w2,LPT(λ=0),0.194791,0.191270,0.981929
21,UNIFORM,sgee_w2,LPT(λ=0),0.195702,0.189804,0.969860
22,UNIFORM,sgee_w2,LPT(λ=0),0.195401,0.205467,1.051514
23,UNIFORM,sgee_w2,LPT(λ=0),0.189298,0.190094,1.004204
24,UNIFORM,sgee_w2,LPT(λ=0),0.197439,0.198501,1.005381
25,UNIFORM,sgee_w2,LPT(λ=0),0.199114,0.196271,0.985725
26,UNIFORM,sgee_w2,LPT(λ=0),0.195459,0.188628,0.965051
27,UNIFORM,sgee_w2,LPT(λ=0),0.196447,0.189623,0.965262
28,UNIFORM,sgee_w2,LPT(λ=0),0.185525,0.191225,1.030725
29,UNIFORM,sgee_w2,LPT(λ=0),0.184846,0.180265,0.975214
0,UNIFORM,sgee_w4,LPT(λ=0),0.099074,0.100061,1.009967
1,UNIFORM,sgee_w4,LPT(λ=0),0.101122,0.098789,0.976924
2,UNIFORM,sgee_w4,LPT(λ=0),0.099896,0.096358,0.964590
3,UNIFORM,sgee_w4,LPT(λ=0),0.098028,0.102112,1.041669
4,UNIFORM,sgee_w4,LPT(λ=0),0.104915,0.097545,0.929753
5,UNIFORM,sgee_w4,LPT(λ=0),0.096731,0.104087,1.076049
6,UNIFORM,sgee_w4,LPT(λ=0),0.102174,0.096745,0.946862
7,UNIFORM,sgee_w4,LPT(λ=0),0.106523,0.101897,0.956565
8,UNIFORM,sgee_w4,LPT(λ=0),0.102225,0.099148,0.969892
9,UNIFORM,sgee_w4,LPT(λ=0),0.105411,0.102087,0.968472
10,UNIFORM,sgee_w4,LPT(λ=0),0.097508,0.103225,1.058629
11,UNIFORM,sgee_w4,LPT(λ=0),0.103302,0.101068,0.978382
12,UNIFORM,sgee_w4,LPT(λ=0),0.101845,0.100814,0.989876
13,UNIFORM,sgee_w4,LPT(λ=0),0.099925,0.099018,0.990926
14,UNIFORM,sgee_w4,LPT(λ=0),0.096739,0.101177,1.045870
15,UNIFORM,sgee_w4,LPT(λ=0),0.107404,0.102145,0.951035
16,UNIFORM,sgee_w4,LPT(λ=0),0.101953,0.104262,1.022643
17,UNIFORM,sgee_w4,LPT(λ=0),0.096627,0.102161,1.057264
18,UNIFORM,sgee_w4,LPT(λ=0),0.106454,0.100730,0.946236
19,UNIFORM,sgee_w4,LPT(λ=0),0.100683,0.102285,1.015911
20,UNIFORM,sgee_w4,LPT(λ=0),0.096515,0.104080,1.078379
21,UNIFORM,sgee_w4,LPT(λ=0),0.096590,0.103391,1.070417
22,UNIFORM,sgee_w4,LPT(λ=0),0.097929,0.101120,1.032581
23,UNIFORM,sgee_w4,LPT(λ=0),0.101903,0.107473,1.054656
24,UNIFORM,sgee_w4,LPT(λ=0),0.104390,0.102971,0.986408
25,UNIFORM,sgee_w4,LPT(λ=0),0.099413,0.100561,1.011544
26,UNIFORM,sgee_w4,LPT(λ=0),0.101741,0.100037,0.983255
27,UNIFORM,sgee_w4,LPT(λ=0),0.095745,0.096670,1.009663
28,UNIFORM,sgee_w4,LPT(λ=0),0.096625,0.097360,1.007601
29,UNIFORM,sgee_w4,LPT(λ=0),0.102429,0.101148,0.987495
0,UNIFORM,sgee_w8,LPT(λ=0),0.054964,0.054568,0.992801
1,UNIFORM,sgee_w8,LPT(λ=0),0.054488,0.056414,1.035352
2,UNIFORM,sgee_w8,LPT(λ=0),0.054783,0.056915,1.038930
3,UNIFORM,sgee_w8,LPT(λ=0),0.054513,0.054672,1.002922
4,UNIFORM,sgee_w8,LPT(λ=0),0.054716,0.054607,0.998019
5,UNIFORM,sgee_w8,LPT(λ=0),0.054464,0.054690,1.004158
6,UNIFORM,sgee_w8,LPT(λ=0),0.054688,0.054754,1.001211
7,UNIFORM,sgee_w8,LPT(λ=0),0.054522,0.055536,1.018596
8,UNIFORM,sgee_w8,LPT(λ=0),0.054719,0.054690,0.999462
9,UNIFORM,sgee_w8,LPT(λ=0),0.061084,0.054671,0.895007
10,UNIFORM,sgee_w8,LPT(λ=0),0.054629,0.054692,1.001157
11,UNIFORM,sgee_w8,LPT(λ=0),0.054622,0.054627,1.000082
12,UNIFORM,sgee_w8,LPT(λ=0),0.057782,0.055203,0.955368
13,UNIFORM,sgee_w8,LPT(λ=0),0.055189,0.054515,0.987792
14,UNIFORM,sgee_w8,LPT(λ=0),0.055756,0.054389,0.975481
15,UNIFORM,sgee_w8,LPT(λ=0),0.061817,0.054656,0.884160
16,UNIFORM,sgee_w8,LPT(λ=0),0.054616,0.053520,0.979941
17,UNIFORM,sgee_w8,LPT(λ=0),0.054462,0.054426,0.999344
18,UNIFORM,sgee_w8,LPT(λ=0),0.054720,0.054366,0.993535
19,UNIFORM,sgee_w8,LPT(λ=0),0.059839,0.054525,0.911202
20,UNIFORM,sgee_w8,LPT(λ=0),0.054504,0.054647,1.002615
21,UNIFORM,sgee_w8,LPT(λ=0),0.054287,0.054429,1.002604
22,UNIFORM,sgee_w8,LPT(λ=0),0.054741,0.057917,1.058017
23,UNIFORM,sgee_w8,LPT(λ=0),0.054460,0.054417,0.999208
24,UNIFORM,sgee_w8,LPT(λ=0),0.054686,0.054437,0.995451
25,UNIFORM,sgee_w8,LPT(λ=0),0.053560,0.054741,1.022061
26,UNIFORM,sgee_w8,LPT(λ=0),0.054614,0.054554,0.998901
27,UNIFORM,sgee_w8,LPT(λ=0),0.054459,0.057743,1.060302
28,UNIFORM,sgee_w8,LPT(λ=0),0.054465,0.054385,0.998517
29,UNIFORM,sgee_w8,LPT(λ=0),0.055739,0.054488,0.977551
0,ZIPF,sgee_w4,LPT(λ=0.0),0.099027,0.093322,0.942384
1,ZIPF,sgee_w4,LPT(λ=0.0),0.099887,0.101401,1.015156
2,ZIPF,sgee_w4,LPT(λ=0.0),0.094020,0.102234,1.087365
3,ZIPF,sgee_w4,LPT(λ=0.0),0.095853,0.100032,1.043606
4,ZIPF,sgee_w4,LPT(λ=0.0),0.094785,0.097769,1.031483
5,ZIPF,sgee_w4,LPT(λ=0.0),0.094926,0.095562,1.006698
6,ZIPF,sgee_w4,LPT(λ=0.0),0.096768,0.096901,1.001377
7,ZIPF,sgee_w4,LPT(λ=0.0),0.100905,0.094694,0.938445
8,ZIPF,sgee_w4,LPT(λ=0.0),0.090291,0.096945,1.073690
9,ZIPF,sgee_w4,LPT(λ=0.0),0.094674,0.096946,1.023997
10,ZIPF,sgee_w4,LPT(λ=0.0),0.101232,0.093712,0.925717
11,ZIPF,sgee_w4,LPT(λ=0.0),0.104387,0.100087,0.958809
12,ZIPF,sgee_w4,LPT(λ=0.0),0.098709,0.097039,0.983080
13,ZIPF,sgee_w4,LPT(λ=0.0),0.095562,0.101689,1.064112
14,ZIPF,sgee_w4,LPT(λ=0.0),0.095924,0.097429,1.015692
15,ZIPF,sgee_w4,LPT(λ=0.0),0.099607,0.096977,0.973598
16,ZIPF,sgee_w4,LPT(λ=0.0),0.102251,0.099985,0.977839
17,ZIPF,sgee_w4,LPT(λ=0.0),0.102284,0.098780,0.965749
18,ZIPF,sgee_w4,LPT(λ=0.0),0.093665,0.097884,1.045043
19,ZIPF,sgee_w4,LPT(λ=0.0),0.104428,0.091495,0.876156
20,ZIPF,sgee_w4,LPT(λ=0.0),0.097946,0.098039,1.000943
21,ZIPF,sgee_w4,LPT(λ=0.0),0.097836,0.096926,0.990705
22,ZIPF,sgee_w4,LPT(λ=0.0),0.103218,0.102243,0.990554
23,ZIPF,sgee_w4,LPT(λ=0.0),0.089016,0.100684,1.131081
24,ZIPF,sgee_w4,LPT(λ=0.0),0.103245,0.097601,0.945332
25,ZIPF,sgee_w4,LPT(λ=0.0),0.099027,0.095986,0.969293
26,ZIPF,sgee_w4,LPT(λ=0.0),0.104363,0.097903,0.938100
27,ZIPF,sgee_w4,LPT(λ=0.0),0.101814,0.092721,0.910691
28,ZIPF,sgee_w4,LPT(λ=0.0),0.096992,0.100884,1.040126
29,ZIPF,sgee_w4,LPT(λ=0.0),0.105601,0.094530,0.895166
0,ZIPF,sgee_w4,LPT(λ=0.5),0.096600,0.103137,1.067664
1,ZIPF,sgee_w4,LPT(λ=0.5),0.098332,0.101178,1.028948
2,ZIPF,sgee_w4,LPT(λ=0.5),0.095630,0.102415,1.070949
3,ZIPF,sgee_w4,LPT(λ=0.5),0.094722,0.102268,1.079664
4,ZIPF,sgee_w4,LPT(λ=0.5),0.102947,0.093606,0.909259
5,ZIPF,sgee_w4,LPT(λ=0.5),0.100933,0.093438,0.925741
6,ZIPF,sgee_w4,LPT(λ=0.5),0.101810,0.105263,1.033916
7,ZIPF,sgee_w4,LPT(λ=0.5),0.097266,0.097801,1.005506
8,ZIPF,sgee_w4,LPT(λ=0.5),0.091965,0.092333,1.004005
9,ZIPF,sgee_w4,LPT(λ=0.5),0.097998,0.096863,0.988418
10,ZIPF,sgee_w4,LPT(λ=0.5),0.100221,0.094830,0.946209
11,ZIPF,sgee_w4,LPT(λ=0.5),0.098887,0.097946,0.990484
12,ZIPF,sgee_w4,LPT(λ=0.5),0.094285,0.096829,1.026973
13,ZIPF,sgee_w4,LPT(λ=0.5),0.095884,0.106242,1.108030
14,ZIPF,sgee_w4,LPT(λ=0.5),0.097777,0.104426,1.068007
15,ZIPF,sgee_w4,LPT(λ=0.5),0.105312,0.095264,0.904587
16,ZIPF,sgee_w4,LPT(λ=0.5),0.099598,0.106474,1.069036
17,ZIPF,sgee_w4,LPT(λ=0.5),0.091019,0.094422,1.037391
18,ZIPF,sgee_w4,LPT(λ=0.5),0.096692,0.094894,0.981400
19,ZIPF,sgee_w4,LPT(λ=0.5),0.098119,0.095855,0.976923
20,ZIPF,sgee_w4,LPT(λ=0.5),0.094606,0.102607,1.084574
21,ZIPF,sgee_w4,LPT(λ=0.5),0.103186,0.096450,0.934723
22,ZIPF,sgee_w4,LPT(λ=0.5),0.100328,0.099679,0.993532
23,ZIPF,sgee_w4,LPT(λ=0.5),0.100073,0.094625,0.945566
24,ZIPF,sgee_w4,LPT(λ=0.5),0.100135,0.092880,0.927550
25,ZIPF,sgee_w4,LPT(λ=0.5),0.096017,0.104278,1.086030
26,ZIPF,sgee_w4,LPT(λ=0.5),0.094481,0.101310,1.072278
27,ZIPF,sgee_w4,LPT(λ=0.5),0.098970,0.097092,0.981019
28,ZIPF,sgee_w4,LPT(λ=0.5),0.101199,0.097679,0.965219
29,ZIPF,sgee_w4,LPT(λ=0.5),0.091693,0.100124,1.091948
0,ZIPF,sgee_w4,LPT(λ=1.0),0.102796,0.094634,0.920601
1,ZIPF,sgee_w4,LPT(λ=1.0),0.101713,0.098805,0.971418
2,ZIPF,sgee_w4,LPT(λ=1.0),0.095847,0.098914,1.031996
3,ZIPF,sgee_w4,LPT(λ=1.0),0.100190,0.092983,0.928066
4,ZIPF,sgee_w4,LPT(λ=1.0),0.102631,0.094010,0.915994
5,ZIPF,sgee_w4,LPT(λ=1.0),0.101321,0.097896,0.966199
6,ZIPF,sgee_w4,LPT(λ=1.0),0.092556,0.097857,1.057275
7,ZIPF,sgee_w4,LPT(λ=1.0),0.100679,0.094415,0.937787
8,ZIPF,sgee_w4,LPT(λ=1.0),0.103870,0.093355,0.898761
9,ZIPF,sgee_w4,LPT(λ=1.0),0.103280,0.093450,0.904825
10,ZIPF,sgee_w4,LPT(λ=1.0),0.099530,0.093814,0.942575
11,ZIPF,sgee_w4,LPT(λ=1.0),0.094506,0.105825,1.119769
12,ZIPF,sgee_w4,LPT(λ=1.0),0.094599,0.096805,1.023310
13,ZIPF,sgee_w4,LPT(λ=1.0),0.096465,0.103145,1.069244
14,ZIPF,sgee_w4,LPT(λ=1.0),0.092252,0.096800,1.049306
15,ZIPF,sgee_w4,LPT(λ=1.0),0.094739,0.093826,0.990358
16,ZIPF,sgee_w4,LPT(λ=1.0),0.099779,0.095918,0.961309
17,ZIPF,sgee_w4,LPT(λ=1.0),0.095624,0.101069,1.056940
18,ZIPF,sgee_w4,LPT(λ=1.0),0.096704,0.104942,1.085196
19,ZIPF,sgee_w4,LPT(λ=1.0),0.098809,0.094288,0.954247
20,ZIPF,sgee_w4,LPT(λ=1.0),0.103098,0.103125,1.000260
21,ZIPF,sgee_w4,LPT(λ=1.0),0.100147,0.093660,0.935229
22,ZIPF,sgee_w4,LPT(λ=1.0),0.098981,0.098696,0.997116
23,ZIPF,sgee_w4,LPT(λ=1.0),0.098092,0.106187,1.082525
24,ZIPF,sgee_w4,LPT(λ=1.0),0.104152,0.095585,0.917737
25,ZIPF,sgee_w4,LPT(λ=1.0),0.094854,0.097547,1.028395
26,ZIPF,sgee_w4,LPT(λ=1.0),0.099988,0.100475,1.004876
27,ZIPF,sgee_w4,LPT(λ=1.0),0.098991,0.102970,1.040199
28,ZIPF,sgee_w4,LPT(λ=1.0),0.094816,0.095905,1.011487
29,ZIPF,sgee_w4,LPT(λ=1.0),0.095340,0.099814,1.046925
0,SANITY-FLOOR-SKEW,sgee_w33,LPT(λ=0),0.104503,0.093515,0.894855
1,SANITY-FLOOR-SKEW,sgee_w33,LPT(λ=0),0.095647,0.095602,0.999530
2,SANITY-FLOOR-SKEW,sgee_w33,LPT(λ=0),0.101776,0.090704,0.891212
3,SANITY-FLOOR-SKEW,sgee_w33,LPT(λ=0),0.098144,0.095291,0.970936
4,SANITY-FLOOR-SKEW,sgee_w33,LPT(λ=0),0.095207,0.085894,0.902182
5,SANITY-FLOOR-SKEW,sgee_w33,LPT(λ=0),0.095839,0.098934,1.032299
6,SANITY-FLOOR-SKEW,sgee_w33,LPT(λ=0),0.094028,0.092699,0.985865
7,SANITY-FLOOR-SKEW,sgee_w33,LPT(λ=0),0.095717,0.099423,1.038717
8,SANITY-FLOOR-SKEW,sgee_w33,LPT(λ=0),0.088020,0.091978,1.044972
9,SANITY-FLOOR-SKEW,sgee_w33,LPT(λ=0),0.095616,0.100645,1.052591
10,SANITY-FLOOR-SKEW,sgee_w33,LPT(λ=0),0.098641,0.095992,0.973137
11,SANITY-FLOOR-SKEW,sgee_w33,LPT(λ=0),0.095177,0.102992,1.082116
12,SANITY-FLOOR-SKEW,sgee_w33,LPT(λ=0),0.099396,0.095032,0.956094
13,SANITY-FLOOR-SKEW,sgee_w33,LPT(λ=0),0.099020,0.091860,0.927687
14,SANITY-FLOOR-SKEW,sgee_w33,LPT(λ=0),0.097725,0.093478,0.956548
15,SANITY-FLOOR-SKEW,sgee_w33,LPT(λ=0),0.096157,0.094972,0.987676
16,SANITY-FLOOR-SKEW,sgee_w33,LPT(λ=0),0.096106,0.101132,1.052295
17,SANITY-FLOOR-SKEW,sgee_w33,LPT(λ=0),0.095569,0.092244,0.965210
18,SANITY-FLOOR-SKEW,sgee_w33,LPT(λ=0),0.103517,0.095786,0.925312
19,SANITY-FLOOR-SKEW,sgee_w33,LPT(λ=0),0.099485,0.095448,0.959420
20,SANITY-FLOOR-SKEW,sgee_w33,LPT(λ=0),0.095974,0.103008,1.073289
21,SANITY-FLOOR-SKEW,sgee_w33,LPT(λ=0),0.097630,0.093358,0.956237
22,SANITY-FLOOR-SKEW,sgee_w33,LPT(λ=0),0.090250,0.095626,1.059570
23,SANITY-FLOOR-SKEW,sgee_w33,LPT(λ=0),0.094415,0.095036,1.006574
24,SANITY-FLOOR-SKEW,sgee_w33,LPT(λ=0),0.095962,0.104352,1.087424
25,SANITY-FLOOR-SKEW,sgee_w33,LPT(λ=0),0.106872,0.094600,0.885165
26,SANITY-FLOOR-SKEW,sgee_w33,LPT(λ=0),0.097153,0.095436,0.982321
27,SANITY-FLOOR-SKEW,sgee_w33,LPT(λ=0),0.092337,0.098637,1.068230
28,SANITY-FLOOR-SKEW,sgee_w33,LPT(λ=0),0.093052,0.108249,1.163316
29,SANITY-FLOOR-SKEW,sgee_w33,LPT(λ=0),0.087785,0.100645,1.146490
0,SKEW-LAST,local_parallel,LPT(λ=0),0.103703,0.086822,0.837217
1,SKEW-LAST,local_parallel,LPT(λ=0),0.093708,0.089491,0.955003
2,SKEW-LAST,local_parallel,LPT(λ=0),0.101232,0.093581,0.924428
3,SKEW-LAST,local_parallel,LPT(λ=0),0.088958,0.083192,0.935177
4,SKEW-LAST,local_parallel,LPT(λ=0),0.097009,0.092447,0.952976
5,SKEW-LAST,local_parallel,LPT(λ=0),0.095410,0.092170,0.966046
6,SKEW-LAST,local_parallel,LPT(λ=0),0.090382,0.091464,1.011969
7,SKEW-LAST,local_parallel,LPT(λ=0),0.094532,0.102958,1.089133
8,SKEW-LAST,local_parallel,LPT(λ=0),0.091563,0.091116,0.995109
9,SKEW-LAST,local_parallel,LPT(λ=0),0.091588,0.090517,0.988301
10,SKEW-LAST,local_parallel,LPT(λ=0),0.093747,0.092889,0.990850
11,SKEW-LAST,local_parallel,LPT(λ=0),0.093010,0.092278,0.992126
12,SKEW-LAST,local_parallel,LPT(λ=0),0.091863,0.092342,1.005216
13,SKEW-LAST,local_parallel,LPT(λ=0),0.095743,0.092651,0.967708
14,SKEW-LAST,local_parallel,LPT(λ=0),0.095887,0.083161,0.867283
15,SKEW-LAST,local_parallel,LPT(λ=0),0.095059,0.091867,0.966416
16,SKEW-LAST,local_parallel,LPT(λ=0),0.084450,0.092808,1.098977
17,SKEW-LAST,local_parallel,LPT(λ=0),0.092402,0.092868,1.005039
18,SKEW-LAST,local_parallel,LPT(λ=0),0.094788,0.091113,0.961228
19,SKEW-LAST,local_parallel,LPT(λ=0),0.092229,0.091683,0.994081
20,SKEW-LAST,local_parallel,LPT(λ=0),0.083969,0.090129,1.073361
21,SKEW-LAST,local_parallel,LPT(λ=0),0.094992,0.091304,0.961172
22,SKEW-LAST,local_parallel,LPT(λ=0),0.083086,0.083038,0.999422
23,SKEW-LAST,local_parallel,LPT(λ=0),0.094150,0.091891,0.975999
24,SKEW-LAST,local_parallel,LPT(λ=0),0.087665,0.091094,1.039116
25,SKEW-LAST,local_parallel,LPT(λ=0),0.094128,0.091801,0.975279
26,SKEW-LAST,local_parallel,LPT(λ=0),0.097535,0.083051,0.851499
27,SKEW-LAST,local_parallel,LPT(λ=0),0.097115,0.091878,0.946070
28,SKEW-LAST,local_parallel,LPT(λ=0),0.091573,0.090744,0.990952
29,SKEW-LAST,local_parallel,LPT(λ=0),0.094083,0.090250,0.959259
